question_number,standard_question,image_question,audio_question,correct_answer,wrong_answers
1,vfdvfvfv,image/1.jpg,,[ありがとう],"[ありいがとう, ありがあとう]"
2,asfdssfdfd,image/2.jpg,,[こんにちは],"[こにちは, こんにちっは, こんにちはあ]"
3, ,,sound/1st.mp3,[ありがとう],"[ありいがとう, ありがあとう]"
4, ,,sound/2nd.mp3,[こんにちは],"[こにちは, こんにちっは, こんにちはあ]"
5,Thank you,,,[ありがとう],"[ありいがとう, ありがあとう]"
6,Hello,,,[こんにちは],"[こにちは, こんにちっは, こんにちはあ]"
7,Anata wa _____ san desu ka? Sengetsu kimashita,,,[Itsu],"[nandddi, nan, dare]"
